"the_geom","OBJECTID","PARK","PARK_NO","NAME","X_COORD","Y_COORD","ARTIST","OWNER","GISOBJID","OFFICIAL_N"
"POINT (-87.69382037136397 42.01016587652167)","1","INDIAN BOUNDARY","165","River Suite","-87.6938203714","42.0101658765","Phil Schuster","CPD","5,856",
"POINT (-87.6810169751945 41.70025485196542)","2","KING-LOCKHART (PATRICK, ANTHONY)","558","Where Dreams Begin","-87.6810169752","41.700254852","Marshall Svendsen","CPD","5,822",
"POINT (-87.66135902067376 41.87171557171757)","3","ARRIGO (VICTOR)","215","Christopher Columbus and Fountain","-87.6613590207","41.8717155717","Moses Ezekiel","CPD","1,231","Christopher Columbus Monument at Arrigo"
"POINT (-87.59277601514071 41.79167964091983)","4","BIXLER (RAY)","1,083","Phil Richman Fountain","-87.5927760151","41.7916796409",,"CPD","1,232",
"POINT (-87.61652131557966 41.86080578892533)","5","BURNHAM (DANIEL)","27","American Doughboy (Spirit of the American Doughboy)","-87.6165213156","41.8608057889","Ernest Moore Viquesney","CPD","1,233","American Doughboy"
"POINT (-87.59719664210172 41.82065095129795)","6","BURNHAM (DANIEL)","27","Mermaid (La Sirena)","-87.5971966421","41.8206509513","Jose Moreno, Roman Villareal, Ed Fu & Fred Arroyo","CPD","1,234","Mermaid"
"POINT (-87.61422863058182 41.86244137800188)","7","BURNHAM (DANIEL)","27","Gold Star Families Memorial","-87.6142286306","41.862441378","David Woodhouse & Assoc.","CPD","1,235","Gold Star Families Memorial"
"POINT (-87.60977276910002 41.850698585451596)","8","BURNHAM (DANIEL)","27","Chicago Firefighter/Paramedic Memorial","-87.6097727691","41.8506985855","John Alaniz","CPD","1,236","Chicago Firefighter and Paramedic Memorial"
"POINT (-87.61484271097395 41.86457281020405)","9","BURNHAM (DANIEL)","27","Soldier Field Children's Garden","-87.614842711","41.8645728102","Peter Lindsay Schaudt",,"1,237",
"POINT (-87.61547852516993 41.86217556692968)","10","BURNHAM (DANIEL)","27","Special Olympics Memorial","-87.6154785252","41.8621755669","Richard Hunt","CPD","1,238",
"POINT (-87.61551276626103 41.86253310540177)","11","BURNHAM (DANIEL)","27","Tribute to George Halas","-87.6155127663","41.8625331054","Julie Rotblatt-Amrany",,"1,240",
"POINT (-87.57565840361937 41.79557382629405)","12","BURNHAM (DANIEL)","27","Wallach Fountain","-87.5756584036","41.7955738263","Frederick & Elisabeth Hibbard","CPD","1,241",
"POINT (-87.62134843217262 41.857077401975154)","13","CHICAGO WOMEN'S PARK AND GARDENS","550","Botanical Gardens Fountain","-87.6213484322","41.857077402","Tannis Langdon","CPD","1,243",
"POINT (-87.62123312437217 41.856971589963)","14","CHICAGO WOMEN'S PARK AND GARDENS","550","Jane Addams Memorial (Helping Hands)","-87.6212331244","41.85697159","Louise Bourgeois",,"1,244","Helping Hands"
"POINT (-87.67376927482256 41.896606957180886)","15","COMMERCIAL CLUB PGD. OF CHICAGO","1,006","Playground Art","-87.6737692748","41.8966069572","John Pittman Webber, CPAG","CPD","1,245","Commercial Club Playground Snake"
"POINT (-87.62913385319695 41.870815407005104)","16","DEARBORN (HENRY)","465","Alchemy -- Birds and Stone","-87.6291338532","41.870815407","Dan Yarborough","CPD","1,247","Alchemy -- Birds and Stone"
"POINT (-87.6701233384226 41.802959038230746)","17","CORNELL (PAUL) SQUARE","5","Paul Cornell Bust","-87.6701233384","41.8029590382","Sigvald Asbjørnsen","CPD","1,248",
"POINT (-87.63459834895994 41.812175287691836)","18","FULLER (MELVILLE)","4","Melville W. Fuller Bust","-87.634598349","41.8121752877","William Ordway Partridge","CPD","1,249","Melville W. Fuller Bust"
"POINT (-87.6345923085214 41.812060808232395)","19","FULLER (MELVILLE)","4","Fountain","-87.6345923085","41.8120608082",,"CPD","1,250",
"POINT (-87.71601342285204 41.88267268817989)","20","GARFIELD (JAMES)","204","Administration Bldg Interior Panels (Gold Dome Rotunda Panels)","-87.7160134229","41.8826726882","Richard W. Bock","CPD","1,251","Administration Building Interior Panels"
"POINT (-87.71865303467794 41.886595393988195)","21","GARFIELD (JAMES)","204","Bulls with Maidens (World Fair Bulls/Statues of Plenty)","-87.7186530347","41.886595394","Daniel Chester French, Edward C. Potter","CPD","1,252",
"POINT (-87.71600563382533 41.877058313545284)","22","GARFIELD (JAMES)","204","Norman Cornwall Memorial (WWI Obelisk)","-87.7160056338","41.8770583135","Carl J. Epiing","CPD","1,253",
"POINT (-87.71736073620313 41.88199070570859)","23","GARFIELD (JAMES)","204","Robert Burns Memorial","-87.7173607362","41.8819907057","William Grant Stevenson","CPD","1,254",
"POINT (-87.71682545353886 41.886275718669516)","24","GARFIELD (JAMES)","204","Conservatory Entrance Fountain","-87.7168254535","41.8862757187","Wolff, Clements & Assoc","CPD","1,255",
"POINT (-87.71606875984752 41.88178763815518)","25","GARFIELD (JAMES)","204","Lincoln the Rail-Splitter","-87.7160687598","41.8817876382","Charles J. Mulligan","CPD","1,256",
"POINT (-87.71730014924404 41.88633464364762)","26","GARFIELD (JAMES)","204","Pastoral & Idyl","-87.7173001492","41.8863346436","Lorado Taft","CPD","1,257",
"POINT (-87.71745675959744 41.88629260490634)","27","GARFIELD (JAMES)","204","Persian Pool (Yellow Lilies)","-87.7174567596","41.8862926049","Dale Chihuly","CPD","1,258",
"POINT (-87.7176772249683 41.886572499352944)","28","GARFIELD (JAMES)","204","Zellij Fountain","-87.717677225","41.8865724994","Said Ben Adiba","CPD","1,259",
"POINT (-87.66531080282407 41.87259175750929)","29","GARIBALDI (GIUSEPPE)","1,047","Giuseppe Garibaldi Monument","-87.6653108028","41.8725917575","Victor Gheradi","CPD","1,260",
"POINT (-87.7285509843918 41.97528794798177)","30","GOMPERS (SAMUEL)","40","Samuel Gompers Monument","-87.7285509844","41.975287948","Susan Clinard","CPD","1,261",
"POINT (-87.62687512642266 41.905506494685326)","31","GOUDY (WILLIAM) SQUARE","105","Turtle Fountain","-87.6268751264","41.9055064947","Walter Arnold","CPD","1,262","Turtle Fountain"
"POINT (-87.62336714116068 41.86809046894898)","32","GRANT (ULYSSES)","24","Agora","-87.6233671412","41.8680904689","Magdalena Abakanowicz","CPD","1,263",
"POINT (-87.61702906545413 41.86720060684098)","33","GRANT (ULYSSES)","24","Big Beaver Totem Pole","-87.6170290655","41.8672006068","Norman Tait Nishga","Field Museum","1,264","Big Beaver Totem Pole"
"POINT (-87.62273310262873 41.86802233789392)","34","GRANT (ULYSSES)","24","Central Station Fragments","-87.6227331026","41.8680223379","Bradford L. Gilbert","Metra","1,265","Central Station Fragments"
"POINT (-87.6189395449776 41.87579589064131)","35","GRANT (ULYSSES)","24","Clarence Buckingham Memorial Fountain","-87.618939545","41.8757958906","Marcel Francois Loyau","CPD","1,266","Clarence F. Buckingham Memorial Fountain"
"POINT (-87.6210632128268 41.880647392560434)","36","GRANT (ULYSSES)","24","Chicago Stock Exchange Arch","-87.6210632128","41.8806473926","Adler & Sullivan","Art Institute of Chicago","1,267","Chicago Stock Exchange Arch"
"POINT (-87.61961730766987 41.867928416128024)","37","GRANT (ULYSSES)","24","Christopher Columbus Monument","-87.6196173077","41.8679284161","Carl Brioschi","CPD","1,268",
"POINT (-87.6131632484535 41.88642129604776)","38","GRANT (ULYSSES)","24","Core-Loc Armoring Devices","-87.6131632485","41.886421296","US Army Corps of Engineers","CPD","1,269","Core-Loc Armoring Devices"
"POINT (-87.62380176926635 41.88032250596082)","39","GRANT (ULYSSES)","24","Cubi VII","-87.6238017693","41.880322506","David Smith","Art Institute of Chicago","1,270",
"POINT (-87.62370403272399 41.87547123705999)","40","GRANT (ULYSSES)","24","Eagle Fountains","-87.6237040327","41.8754712371","Frederick C. Hibbard","CPD","1,271",
"POINT (-87.62355836962718 41.875961061397454)","41","GRANT (ULYSSES)","24","Equestrian Indians","-87.6235583696","41.8759610614","Ivan Mestrovic","COD","1,272",
"POINT (-87.62333536231813 41.87191954407965)","42","GRANT (ULYSSES)","24","8th Street Fountain","-87.6233353623","41.8719195441","Bennett, Frost & Thomas","CPD","1,273","8th Street Fountain"
"POINT (-87.617449622096 41.88411394485134)","43","GRANT (ULYSSES)","24","Federal Building Columns","-87.6174496221","41.8841139449","Henry Ives Cobb","CPD","1,274",
"POINT (-87.62375778811557 41.88040834905512)","44","GRANT (ULYSSES)","24","Flying Dragon","-87.6237577881","41.8804083491","Alexander Calder","Art Institute of Chicago","1,275","Flying Dragon"
"POINT (-87.61808574197799 41.87772563511582)","45","GRANT (ULYSSES)","24","Fountain Figures","-87.618085742","41.8777256351","Leonard Crunelle","CPD","1,276","Fountain Figures"
"POINT (-87.6199028641447 41.87770120630011)","46","GRANT (ULYSSES)","24","Fountain Figures","-87.6199028641","41.8777012063","Leonard Crunelle","CPD","1,277","Fountain Figures"
"POINT (-87.61980209894604 41.873865308434276)","47","GRANT (ULYSSES)","24","Fountain Figures","-87.6198020989","41.8738653084","Leonard Crunelle","CPD","1,278","Fountain Figures"
"POINT (-87.61800115323992 41.87387792598914)","48","GRANT (ULYSSES)","24","Fountain Figures","-87.6180011532","41.873877926","Leonard Crunelle","CPD","1,279","Fountain Figures"
"POINT (-87.62365234050189 41.87876067611059)","49","GRANT (ULYSSES)","24","Fountain of the Great Lakes (Spirit of the Great Lakes)","-87.6236523405","41.8787606761","Lorado Taft","Art Institute of Chicago","1,280","Fountain of the Great Lakes"
"POINT (-87.62110019391307 41.88038856255983)","50","GRANT (ULYSSES)","24","In Celebration of the 200th Anniversary of the Founding of the Republic","-87.6211001939","41.8803885626","Isamu Noguchi","Art Institute of Chicago","1,281","In Celebration of the 200th Anniversary of the Founding of the Republic"
"POINT (-87.62151678071157 41.877318164902064)","51","GRANT (ULYSSES)","24","Abraham Lincoln (Seated Lincoln)","-87.6215167807","41.8773181649","Augustus Saint-Gaudens","CPD","1,282","Abraham Lincoln, Head of State"
"POINT (-87.62404343095747 41.879569302980926)","52","GRANT (ULYSSES)","24","Lions","-87.624043431","41.879569303","Edward Kemeys","Art Institute of Chicago","1,283",
"POINT (-87.62344453843014 41.870607500229895)","53","GRANT (ULYSSES)","24","John Alexander Logan Monument","-87.6234445384","41.8706075002","Augustus Saint-Gaudens, Alexander Proctor","CPD","1,284","General John Alexander Logan Monument"
"POINT (-87.61465003171851 41.86713041329802)","54","GRANT (ULYSSES)","24","Man With Fish","-87.6146500317","41.8671304133","Stephan Balkenhol","Shedd Aquarium","1,285","Man with Fish"
"POINT (-87.61554760706362 41.86698592205506)","55","GRANT (ULYSSES)","24","Olmec Head","-87.6158221846","41.8670448389","Ignacio Perez Salono","Field Museum","1,286","Olmec Head"
"POINT (-87.62390647618484 41.876976730482646)","56","GRANT (ULYSSES)","24","Paris Metro Entryway (Guimard)","-87.6239064762","41.8769767305","Hector Guimard","COC","1,287",
"POINT (-87.61905150072838 41.88060253042334)","57","GRANT (ULYSSES)","24","Reading Cones","-87.6190515007","41.8806025304","Richard Serra","COC","1,288","Reading Cones"
"POINT (-87.62377340866132 41.86869123995202)","58","GRANT (ULYSSES)","24","Rosenberg Fountain (Hebe)","-87.6237734087","41.86869124","Franz Machtl","CPD","1,289",
"POINT (-87.62395625231919 41.87809593719328)","59","GRANT (ULYSSES)","24","Sir Georg Solti Bust","-87.6239562523","41.8780959372","Dame Elisabeth Frink","CPD","1,290","Sir Georg Solti Bust"
"POINT (-87.62349854893861 41.87337048331674)","60","GRANT (ULYSSES)","24","Spirit of Music (Theodore Thomas Memorial)","-87.6234985489","41.8733704833","Albin Polasek","CPD","1,291","Spirit of Music"
"POINT (-87.6235911529199 41.8693213858094)","61","GRANT (ULYSSES)","24","Aaron Montgomery Ward Bust","-87.6235911529","41.8693213858","Milton Horn","CPD","1,292","Aaron Montgomery Ward Bust"
"POINT (-87.67171049596045 41.85680241801794)","62","HARRISON (CARTER)","213","Zapata Bust","-87.671710496","41.856802418","Gabriel Ponzanelli","CPD","1,293",
"POINT (-87.64378642436951 41.87945097030913)","63","HERITAGE GREEN","537","Grainne","-87.6437864244","41.8794509703","Maurice Harron","CPD","1,294","Grainne"
"POINT (-87.69822980838356 41.961088722859074)","64","HORNER (HENRY)","228","Henry Horner Monument","-87.6982298084","41.9610887229","John David Brcin","CPD","1,295",
"POINT (-87.7024061474904 41.903801066060424)","65","HUMBOLDT (ALEXANDER VON)","219","World's Fair Bison","-87.7024061475","41.9038010661","Edward Kemeys","CPD","1,296","World's Fair Bison"
"POINT (-87.70155949638307 41.906715734262534)","66","HUMBOLDT (ALEXANDER VON)","219","Leif Ericsson Monument","-87.7015594964","41.9067157343","Sigvald Asbjørnsen","CPD","1,297",
"POINT (-87.70145696230827 41.905471689272595)","67","HUMBOLDT (ALEXANDER VON)","219","Alexander von Humboldt Monument","-87.7014569623","41.9054716893","Felix Gorling","CPD","1,298",
"POINT (-87.69755953591446 41.90344917109184)","68","HUMBOLDT (ALEXANDER VON)","219","Home (Miner and Child)","-87.6975595359","41.9034491711","Charles Mulligan","CPD","1,299","Home"
"POINT (-87.69942047081001 41.90625514902749)","69","HUMBOLDT (ALEXANDER VON)","219","Interpreting Nature","-87.6994204708","41.906255149","Roman Villareal","CPD","1,300","Interpreting Nature"
"POINT (-87.70191922509807 41.90380101056041)","70","HUMBOLDT (ALEXANDER VON)","219","Fritz Reuter","-87.7019192251","41.9038010106","Franz Engelsman","CPD","1,301","Fritz Reuter Monument"
"POINT (-87.69218853487278 42.009120008197904)","71","INDIAN BOUNDARY","165","City Hall Keystone","-87.6921885349","42.0091200082","A.C. Goddard","CPD","1,302","City Hall Keystone"
"POINT (-87.69215050383393 42.00959926561315)","72","INDIAN BOUNDARY","165","Wind Harp","-87.6921505038","42.0095992656","Craig Brant","Craig Brant","1,303",
"POINT (-87.57989607879631 41.77959801004811)","73","JACKSON (ANDREW)","19","The Republic (Golden Lady)","-87.5798960788","41.77959801","Daniel Chester French","CPD","1,304","Statue of the Republic"
"POINT (-87.65394027204042 41.928852585318864)","74","JONQUIL","1,270","Eagle Columns","-87.653940272","41.9288525853","Richard Hunt","CPD","1,305",
"POINT (-87.68195872931726 41.68767465875753)","75","KENNEDY (DENNIS)","48","Playground Art","-87.6819587293","41.6876746588","Roman Villareal","CPD","1,306","Kennedy Playground Art"
"POINT (-87.65466770637869 41.75582070828418)","76","KING (MARTIN LUTHER, JR.)","265","Dr. Martin Luther King Bust","-87.6546677064","41.7558207083","Tina Allen","CPD","1,307",
"POINT (-87.70795575327563 41.989951615435984)","77","LEGION","274","Legion Park Gateway Plaza Fountain","-87.7079557533","41.9899516154","DeStefano & Partners","CPD","1,308","Legion Gateway Plaza Fountain"
"POINT (-87.63253673134574 41.9362143966971)","78","LINCOLN (ABRAHAM)","100","The Alarm","-87.6325367313","41.9362143967","John J. Boyle","CPD","1,309",
"POINT (-87.63753033435923 41.93218683347199)","79","LINCOLN (ABRAHAM)","100","John Peter Altgeld Monument","-87.6375303344","41.9321868335","Gutzon Borglum","CPD","1,310","John Peter Altgeld Monument"
"POINT (-87.63466187735784 41.91960257037629)","80","LINCOLN (ABRAHAM)","100","Hans Christian Andersen","-87.6346618774","41.9196025704","Johannes Gelert","CPD","1,311",
"POINT (-87.63521380651777 41.92273546269084)","81","LINCOLN (ABRAHAM)","100","Eli Bates Fountain (Storks at Play)","-87.6352138065","41.9227354627","Augustus Saint-Gaudens, Frederick MacMonnies","CPD","1,312","Eli Bates Fountain"
"POINT (-87.62759338835978 41.911340212899596)","82","LINCOLN (ABRAHAM)","100","Greene Vardiman Black","-87.6275933884","41.9113402129","Frederick C. Hibbard","CPD","1,313",
"POINT (-87.62498678170333 41.91129438592535)","83","LINCOLN (ABRAHAM)","100","Chess Pavillion","-87.6249867817","41.9112943859","Boris Gilbertson","CPD","1,314","Chess Pavilion"
"POINT (-87.63073782330007 41.911947915673714)","84","LINCOLN (ABRAHAM)","100","Chicago Fire Relic","-87.6307378233","41.9119479157",,"Chicago History Museum","1,315","Chicago Fire Relic"
"POINT (-87.63610699778161 41.91885630433601)","85","LINCOLN (ABRAHAM)","100","City Hall Relic (Finial)","-87.6361069978","41.9188563043","Jenney & Loring","CPD","1,316","City Hall Relic"
"POINT (-87.63134518530774 41.91293664861278)","86","LINCOLN (ABRAHAM)","100","Couch Tomb","-87.6313451853","41.9129366486","Van Osdel & Baumann","CPD","1,317","Couch Tomb"
"POINT (-87.6359714633803 41.9207440108867)","87","LINCOLN (ABRAHAM)","100","Cummings Playground Art","-87.6359714634","41.9207440109","Tom Tischler","CPD","1,318","Cummings Playground Art"
"POINT (-87.63338079012559 41.92613570048332)","88","LINCOLN (ABRAHAM)","100","Curve XXII (I Will)","-87.6333807901","41.9261357005","Ellsworth Kelly","CPD","1,319","Curve XXII"
"POINT (-87.63274296407683 41.91336528098969)","89","LINCOLN (ABRAHAM)","100","Robert Cavalier de LaSalle","-87.6327429641","41.913365281","Count Jacque de la Laing","CPD","1,320",
"POINT (-87.63142569510876 41.91133837102935)","90","LINCOLN (ABRAHAM)","100","Children's Fountain","-87.6314256951","41.911338371","Robinson Iron Works","CPD","1,321","Children's Fountain"
"POINT (-87.6310878306947 41.91379467635768)","91","LINCOLN (ABRAHAM)","100","Benjamin Franklin","-87.6310878307","41.9137946764","Richard Henry Park","CPD","1,322",
"POINT (-87.6352171686824 41.92417799428563)","92","LINCOLN (ABRAHAM)","100","Garden Figure","-87.6352171687","41.9241779943","Frederick C. Hibbard","CPD","1,323","Garden Figure"
"POINT (-87.6353822980556 41.92424569847701)","93","LINCOLN (ABRAHAM)","100","Goddess of Youth (Hebe)","-87.6353822981","41.9242456985",,"CPD","1,324","Goddess of Youth"
"POINT (-87.63860899159303 41.932602742697085)","94","LINCOLN (ABRAHAM)","100","Monument to Johann Wolfgang von Goethe","-87.6386089916","41.9326027427","Herman Hahn","CPD","1,325","Johann Wolfgang von Goethe"
"POINT (-87.63086269996307 41.91752909121652)","95","LINCOLN (ABRAHAM)","100","Ulysses S. Grant Memorial","-87.6308627","41.9175290912","Louis T. Rebisso","CPD","1,326","Ulysses S. Grant Monument"
"POINT (-87.63842731481422 41.93170596102239)","96","LINCOLN (ABRAHAM)","100","Alexander Hamilton","-87.6384273148","41.931705961","John Angel","CPD","1,327","Alexander Hamilton Monument"
"POINT (-87.63026626924581 41.91258964430383)","97","LINCOLN (ABRAHAM)","100","Abraham Lincoln Monument  (Standing Lincoln)","-87.6302662692","41.9125896443","Augustus Saint-Gaudens","CPD","1,328","Abraham Lincoln: The Man"
"POINT (-87.64943799499247 41.972463562947596)","98","LINCOLN (ABRAHAM)","100","Margate Park Playground Art","-87.649437995","41.9724635629","CPAG","CPD","1,329","Margate Park Playground Art"
"POINT (-87.63706564121047 41.930147655878706)","99","LINCOLN (ABRAHAM)","100","Richard Oglesby Monument","-87.6370656412","41.9301476559","Leonard Crunelle","CPD","1,330",
"POINT (-87.63110172969411 41.91241037882187)","100","LINCOLN (ABRAHAM)","100","Putnam Chain","-87.6311017297","41.9124103788",,"Chicago History Museum","1,331","Putnam Chain"
"POINT (-87.64242274936615 41.948972176951294)","101","LINCOLN (ABRAHAM)","100","Kwa-Ma-Rolas (Totem Pole)","-87.6424227494","41.948972177","Haida Indians","CPD","1,332",
"POINT (-87.64817371864805 41.96714806650291)","102","LINCOLN (ABRAHAM)","100","Dr. Jose Rizal","-87.6481737186","41.9671480665","Antonio T. Mondejar","CPD","1,333",
"POINT (-87.63899529612334 41.94301678345151)","103","LINCOLN (ABRAHAM)","100","Roscoe Playground Art","-87.6389952961","41.9430167835","CPAG","CPD","1,334","Roscoe Playground Art"
"POINT (-87.63519468662348 41.92199760651434)","104","LINCOLN (ABRAHAM)","100","Johann Christoph Friedrich von Schiller","-87.6351946866","41.9219976065","Ernst Bilhauer Rau","CPD","1,335",
"POINT (-87.6361940348421 41.92381172075357)","105","LINCOLN (ABRAHAM)","100","William Shakespeare","-87.6361940348","41.9238117208","William Ordway Partridge","CPD","1,336","William Shakespeare Monument"
"POINT (-87.63923851697 41.94044912622582)","106","LINCOLN (ABRAHAM)","100","Gen. Philip Henry Sheridan Monument","-87.639238517","41.9404491262","Gutzon Borglum","CPD","1,337",
"POINT (-87.63137739453491 41.93320610406139)","107","LINCOLN (ABRAHAM)","100","Signal of Peace","-87.6313773945","41.9332061041","Cyrus Edwin Dallin","CPD","1,338","A Signal of Peace"
"POINT (-87.63168617394444 41.93144818928008)","108","LINCOLN (ABRAHAM)","100","Emanuel Swedenborg Memorial","-87.6316861739","41.9314481893","Adolff Johnson","CPD","1,339","Emanuel Swedenborg Monument"
"POINT (-87.68956940777899 41.92849286918499)","109","LOGAN SQUARE SKATE","549","Silversurf Gate","-87.6895694078","41.9284928692","Lucy Slivinski",,"1,340","Silversurf Gate"
"POINT (-87.65818246115316 42.00594227748333)","110","PRINZ (TOBEY) BEACH","115","Windform","-87.6581824612","42.0059422775","Lynn Takata","CPD","6,195",
"POINT (-87.62816001275904 41.901738320979106)","111","MARIANO (LOUIS)","1,239","Botanical Gardens Fountain","-87.6281600128","41.901738321","Robinson Iron","CPD","1,342","Botanical Gardens Fountain"
"POINT (-87.69373109304362 41.771521669080855)","112","MARQUETTE (JACQUES)","10","Darius & Girenas Memorial","-87.693731093","41.7715216691","Raout Josset","CPD","1,343","Darius and Girenas Memorial"
"POINT (-87.68381322128188 41.82628253368329)","113","McKINLEY (WILLIAM)","23","William McKinley","-87.6838132213","41.8262825337","Charles Mulligan","CPD","1,344","William McKinley Memorial"
"POINT (-87.639052423557 41.92360395017394)","114","MID-NORTH","1,206","Fountain","-87.6390524236","41.9236039502","Gast Monuments",,"1,345","Mid-North Fountain"
"POINT (-87.5883289356531 41.78703181034242)","115","MIDWAY PLAISANCE","1,268","Cheney-Goode Memorial","-87.5883289357","41.7870318103","South Park Commission Architects","CPD","1,346",
"POINT (-87.59014909806889 41.786936401955)","116","MIDWAY PLAISANCE","1,268","Thomas Garrigue Masaryk (The Blanik Knight)","-87.5901490981","41.786936402","Albin Polásek","CPD","1,347","Thomas Garrigue Masaryk Monument"
"POINT (-87.59960525378584 41.78752960613894)","117","MIDWAY PLAISANCE","1,268","Carl von Linne","-87.5996052538","41.7875296061","Frithiof Kjellberg","CPD","1,348","Carl von Linne Monument"
"POINT (-87.64394563452974 41.92171837139124)","118","OZ","423","Tin Man","-87.6439456345","41.9217183714","John Kearney","CPD","5,634",
"POINT (-87.81811367958647 42.001749246484174)","119","MONUMENT","57","WWI Monument (Honor Roll for Vets)","-87.8181136796","42.0017492465","James J. Egan","CPD","1,352",
"POINT (-87.71230240560398 41.69094650021981)","120","MOUNT GREENWOOD","251","Playground Art","-87.7123024056","41.6909465002","CPAG","CPD","1,353","Mt. Greenwood Playground Art"
"POINT (-87.59337963401731 41.79918760180399)","121","NICHOLS (JOHN FOUNTAIN)","277","Bird of Peace (Guarding the Nest, the Egg)","-87.593379634","41.7991876018","Cosmo Campoli","CPD","1,354",
"POINT (-87.59366013118883 41.79916943305745)","122","NICHOLS (JOHN FOUNTAIN)","277","North Fountain","-87.5936601312","41.7991694331","Maria Whiteman","CPD","1,355",
"POINT (-87.59445098840975 41.795389334913146)","123","NICHOLS (JOHN FOUNTAIN)","277","South Fountain","-87.5944509884","41.7953893349","Gary Wojcik","CPD","1,356","Nichols South Fountain"
"POINT (-87.60654966553082 41.86564164899771)","124","NORTHERLY ISLAND","34","America's Courtyard","-87.6065496655","41.865641649","Denise Milan, Ary R. Perez","CPD","1,357","America's Courtyard"
"POINT (-87.60778938713209 41.86634898598428)","125","NORTHERLY ISLAND","34","Copernicus Monument","-87.6077893871","41.866348986","Bronislaw Koniuszy","COD","1,358",
"POINT (-87.61044895238298 41.866319124004924)","126","NORTHERLY ISLAND","34","Karel Havlicek","-87.6104489524","41.866319124","Joseph Strachovsky","CPD","1,359","Karel Havlicek Monument"
"POINT (-87.61250035531494 41.866279555150975)","127","NORTHERLY ISLAND","34","Thaddeus Kosciusko Monument","-87.6125003553","41.8662795552","Kasimir Chodzinski","CPD","1,360",
"POINT (-87.60710629671 41.866758537667145)","128","NORTHERLY ISLAND","34","Man Enters the Cosmos","-87.6071062967","41.8667585377","Henry Moore","CPD","1,361",
"POINT (-87.60717725422278 41.86600119729705)","129","NORTHERLY ISLAND","34","Spiral Galaxy","-87.6071772542","41.8660011973","John David Mooney","Adler Planetarium","1,362",
"POINT (-87.61989202832208 41.89026424752546)","130","OGDEN (WILLIAM) PLAZA","477","Floor Clock II","-87.6198920283","41.8902642475","Vito Acconci","CPD","1,363","Floor Clock II"
"POINT (-87.57434912557387 41.7344032016575)","131","OWENS (JESSE)","237","Playground Art","-87.5743491256","41.7344032017","Julia Sowles-Barlow, CPAG, Isiah and Rachel Terry","CPD","1,364","Owens Playground Art"
"POINT (-87.6439142497254 41.920214346420806)","132","OZ","423","Cowardly Lion","-87.6439142497","41.9202143464","John Kearney","CPD","1,365",
"POINT (-87.64621695045905 41.9216966926985)","133","OZ","423","Dorothy and Toto","-87.6462169505","41.9216966927","John Kearney","CPD","1,366","Dorothy and Toto"
"POINT (-87.64437122084611 41.92143997470188)","134","OZ","423","Scarecrow","-87.6443712208","41.9214399747","John Kearney","CPD","1,367","Scarecrow"
"POINT (-87.62760187554981 41.83551012996024)","135","PARK NO. 474","474","Man on a Bench","-87.6276018755","41.83551013","George Segal","Illinois Institute of Technology","1,369","Man on a Bench"
"POINT (-87.6005073594415 41.81980707118448)","136","WILLIAMS-DAVIS (HATTIE KAY, IZORA)","532","Restoration","-87.6005073594","41.8198070712","Milton Mizenburg Jr.",,"1,370",
"POINT (-87.65610305132927 41.75071921812805)","137","RENAISSANCE","509","Sculptural Fountain","-87.6561030513","41.7507192181","Jerzy Kenar","CPD","1,371",
"POINT (-87.66943993559725 41.98977464787889)","138","SENN (NICHOLAS)","227","The Young Lincoln","-87.6694399356","41.9897746479","Charles Keck","CPD","1,372",
"POINT (-87.6600185278 41.87960363957463)","139","SKINNER (MARK)","211","Playground Dragon","-87.6600185278","41.8796036396","CPAG","CPD","1,373","Skinner Playground Art"
"POINT (-87.64693135707343 41.84422553072928)","140","PALMISANO (HENRY)","531","Entry Fountain","-87.6469313571","41.8442255307","Ernest Wong","CPD","1,374",
"POINT (-87.6345243993397 41.84812259784643)","141","SUN YAT-SEN","451","Dr. Sun Yat-Sen","-87.6345243993","41.8481225978","Chueh Ming-Teh","CPD","1,375","Sun Yat-Sen Memorial"
"POINT (-87.67485302566764 42.01508621162753)","142","TOUHY (PATRICK)","246","The Receptor","-87.6748530257","42.0150862116","Tamsie Ringler","Tamsie Ringler","1,376","The Receptor"
"POINT (-87.66653558354352 41.882633773937066)","143","UNION","210","James Connolly Monument","-87.6665355835","41.8826337739","Tom White","CPD","1,377",
"POINT (-87.66583011560111 41.883034641607686)","144","UNION","210","Carter Harrison Memorial","-87.6658301156","41.8830346416","Frederick C. Hibbard","CPD","1,378","Carter Harrison Memorial"
"POINT (-87.64166953585507 41.893707394980495)","145","WARD (A. MONTGOMERY)","511","Commemorative Ground Ring","-87.6416695359","41.893707395","Sheila Klein","CPD","1,379","Commemorative Ground Ring"
"POINT (-87.6044634347492 41.80189140928089)","146","WASHINGTON (GEORGE)","21","Drexel Fountain","-87.6044634347","41.8018914093","Henry Manger","COC","1,380",
"POINT (-87.60769721632836 41.78672721261987)","147","WASHINGTON (GEORGE)","21","Fountain of Time","-87.6076972163","41.7867272126","Lorado Taft","CPD","1,381","Fountain of Time"
"POINT (-87.60669050016465 41.79426331151175)","148","WASHINGTON (GEORGE)","21","Gotthold Ephraim Lessing","-87.6066905002","41.7942633115","Albin Polasek","CPD","1,382",
"POINT (-87.61643465426745 41.802558121299136)","149","WASHINGTON (GEORGE)","21","George Washington Monument","-87.6164346543","41.8025581213","Daniel Chester French, Edward C. Potter","COC","1,383",
"POINT (-87.61473981251228 41.791827683521916)","150","WASHINGTON (GEORGE)","21","Playground Art","-87.6147398125","41.7918276835","CPAG","CPD","1,384","Washington Playground Art"
"POINT (-87.58238398568551 41.802644467925184)","151","WASHINGTON (HAROLD)","494","Ecstasy","-87.5823839857","41.8026444679","Virginio Ferrari","CPD","1,385","Ecstasy"
"POINT (-87.63058368340536 41.89927225852604)","152","WASHINGTON SQUARE","1,244","McCormick Fountain","-87.6305836834","41.8992722585","Unknown","CPD","1,386","McCormick Fountain"
"POINT (-87.67672888656891 41.9076889512504)","153","WICKER (CHARLES, JOEL)","214","Gurgolye Fountain","-87.6767288866","41.9076889513","Robinson Iron Works","CPD","1,387",
"POINT (-87.67717203012508 41.90779953649489)","154","WICKER (CHARLES, JOEL)","214","Charles Gustave Wicker","-87.6771720301","41.9077995365","Nancy Deborah Wicker","CPD","1,388","Charles Gustave Wicker Statue"
"POINT (-87.61355168214406 41.86149314410113)","155","BURNHAM (DANIEL)","27","Balbo Monument","-87.6135516821","41.8614931441","Capraro & Komar","CPD","1,389",
"POINT (-87.62147710611187 41.875002934806226)","156","GRANT (ULYSSES)","24","Artists and Automobiles","-87.6214771061","41.8750029348","Dessa Kirk, Lucy Slivinski, John Mason","Dessa Kirk, Lucy Slivinski, John Mason","1,390","Artists and Automobiles"
"POINT (-87.62380118206367 41.87573410844014)","157","GRANT (ULYSSES)","24","Magdalene","-87.6238011821","41.8757341084","Dessa Kirk","Dessa Kirk","1,391","Magdalene"
"POINT (-87.68136958010363 41.68800237646429)","158","KENNEDY (DENNIS)","48","Korean War Memorial","-87.6813695801","41.6880023765","Maurice Moore Memorials","CPD","1,392",
"POINT (-87.62932334090124 41.912252846983286)","159","LINCOLN (ABRAHAM)","100","Fountain Girl","-87.6293233409","41.912252847","George Wade","CPD","1,393",
"POINT (-87.63019831966527 41.91512690207055)","160","LINCOLN (ABRAHAM)","100","William C. Niesen Memorial Fountain","-87.6301983197","41.9151269021",,"CPD","1,394",
"POINT (-87.78627231948218 41.95260565989094)","161","MERRIMAC","256","Veteran's Memorial","-87.7862723195","41.9526056599","Gast Monuments Inc.",,"1,395",
"POINT (-87.60822063945774 41.86122282078911)","162","NORTHERLY ISLAND","34","Daphne Garden","-87.6082206395","41.8612228208","Dessa Kirk","CPD","1,397","Daphne Garden"
"POINT (-87.65582474265162 41.77504070987089)","163","OGDEN (WILLIAM)","8","World War II Memorial Fountain","-87.6558247427","41.7750407099","Frederick C. Hibbard","CPD","1,398",
"POINT (-87.6349065915724 41.85694524447353)","164","TOM (PING) MEML.","481","Ping Tom Bust","-87.6349065916","41.8569452445","Liao Huilan","CPD","1,399",
"POINT (-87.62224123941643 41.897168629704915)","165","SENECA","1,242","Ben","-87.6222412394","41.8971686297","Deborah Butterfield","CPD","1,400","Ben"
"POINT (-87.56472693736107 41.70641593681698)","166","TRUMBULL (LYMAN)","16","WWII Memorial Fountain","-87.5647269374","41.7064159368","Frederick C. Hibbard","CPD","1,401",
"POINT (-87.68892111550937 42.001991475404594)","167","WARREN (LAURENCE)","428","Circle of Nature","-87.6889211155","42.0019914754","Lynn Takata","CPD","1,402","Circle of Nature"
"POINT (-87.60717875073865 41.792979193527195)","168","WASHINGTON (GEORGE)","21","Spirit of DuSable Series","-87.6071787507","41.7929791935","Jill N. Parker, Lawrence E. Taylor, Ausbra Ford","CPD","1,403","Spirit of DuSable Series"
"POINT (-87.63086410259145 41.67045067864125)","169","WEST PULLMAN","225","WWI War Memorial","-87.6308641026","41.6704506786","Unknown","CPD","1,404","West Pullman WWI War Memorial"
"POINT (-87.63238593384224 41.92195323483176)","170","LINCOLN (ABRAHAM)","100","East Gate Arch","-87.6323859338","41.9219532348","Greg & Camille Leavitt","Lincoln Park Zoo","1,405","East Gate Arch"
"POINT (-87.63340230745406 41.92302871844861)","171","LINCOLN (ABRAHAM)","100","Elephant Drinking Fountain","-87.6334023075","41.9230287184","George Suyeoka","Lincoln Park Zoo","1,407","Elephant Drinking Fountain"
"POINT (-87.63216340606891 41.921143301699274)","172","LINCOLN (ABRAHAM)","100","Eugene Field Memorial","-87.6321634061","41.9211433017","Edward McCartan","CPD","1,408",
"POINT (-87.76656587052842 41.95445522558692)","173","PORTAGE","147","Canoes","-87.7665658705","41.9544552256","Phil Schuster, CPAG","CPD","1,409","Canoes"
"POINT (-87.70463719976985 41.91396869268712)","174","DE BURGOS (JULIA)","554","Spider Sculpture","-87.7046371998","41.9139686927","Phil Schuster, CPAG",,"1,410",
"POINT (-87.6351857116728 41.92111044379526)","175","LINCOLN (ABRAHAM)","100","For the Young at Heart","-87.6351857117","41.9211104438","George Suyeoka","Lincoln Park Zoo","1,411","For the Young at Heart"
"POINT (-87.63229443427024 41.91988116972152)","176","LINCOLN (ABRAHAM)","100","Gorilla","-87.6322944343","41.9198811697",,"Lincoln Park Zoo","1,412","Gorilla"
"POINT (-87.63520284634356 41.92132095605825)","177","LINCOLN (ABRAHAM)","100","Heron","-87.6352028463","41.9213209561","H. Wheatley Allen","Lincoln Park Zoo","1,413",
"POINT (-87.62366724658935 41.88029537400001)","178","GRANT (ULYSSES)","24","Large Interior Form","-87.6236672466","41.880295374","Henry Moore","Art Institute of Chicago","5,635","Large Interior Form"
"POINT (-87.63481040071665 41.921674085991036)","179","LINCOLN (ABRAHAM)","100","The Lesson","-87.6348104007","41.921674086","Darrell Davis","Lincoln Park Zoo","1,414","The Lesson"
"POINT (-87.6330585012594 41.921968142844605)","180","LINCOLN (ABRAHAM)","100","Limestone Lion","-87.6330585013","41.9219681428","Kathleen McCullough","Lincoln Park Zoo","1,415","Limestone Lion"
"POINT (-87.63392025326502 41.921342171974985)","181","LINCOLN (ABRAHAM)","100","Lion Fountain","-87.6339202533","41.921342172","George Suyeoka","Lincoln Park Zoo","1,416","Lion Fountain"
"POINT (-87.63182991101957 41.91971871332356)","182","LINCOLN (ABRAHAM)","100","Lowland Gorilla Family","-87.631829911","41.9197187133","Bill Wieger","Lincoln Park Zoo","1,417","Lowland Gorilla Family"
"POINT (-87.6329722179441 41.922751203278914)","183","LINCOLN (ABRAHAM)","100","Mother and Baby Pygmy Hippo","-87.6329722179","41.9227512033","Henry Mitchell","Lincoln Park Zoo","1,418","Mother and Baby Pygmy Hippo"
"POINT (-87.63367592728925 41.92058611793888)","184","LINCOLN (ABRAHAM)","100","Old Fishing Hole","-87.6336759273","41.9205861179","Peter Darro","Lincoln Park Zoo","1,419","Old Fishing Hole"
"POINT (-87.63487098133007 41.92146404645149)","185","LINCOLN (ABRAHAM)","100","Pathfinders","-87.6348709813","41.9214640465","Veryl Goodnight","Lincoln Park Zoo","1,420","Pathfinders"
"POINT (-87.63379363160344 41.92404042233872)","186","LINCOLN (ABRAHAM)","100","Polar Bear","-87.6337936316","41.9240404223","Viktor Bougaev","Lincoln Park Zoo","1,421","Polar Bear"
"POINT (-87.6349169582621 41.92081133719407)","187","LINCOLN (ABRAHAM)","100","Rabbit and Butterfly","-87.6349169583","41.9208113372","H. Wheatley Allen","Lincoln Park Zoo","1,422","Rabbit and Butterfly"
"POINT (-87.63299987117277 41.91933406117429)","188","LINCOLN (ABRAHAM)","100","Rites of Spring","-87.6329998712","41.9193340612","Milton Horn","Lincoln Park Zoo","1,423","Rites of Spring"
"POINT (-87.63455009491713 41.92149111542265)","189","LINCOLN (ABRAHAM)","100","Seal and Sea Lion","-87.6345500949","41.9214911154","Dino C. Crisanti","Lincoln Park Zoo","1,424",
"POINT (-87.63593197425493 41.91859734241095)","190","LINCOLN (ABRAHAM)","100","Siblings","-87.6359319743","41.9185973424","Janet Rosetta","Lincoln Park Zoo","1,425","Siblings"
"POINT (-87.63319006402917 41.92059766794846)","191","LINCOLN (ABRAHAM)","100","Sunform","-87.633190064","41.9205976679","David L. Rodgers","Lincoln Park Zoo","1,426","Sunform"
"POINT (-87.71644689486264 41.884948652428065)","231","GARFIELD (JAMES)","204","Green Line Mosaics","-87.7164468949","41.8849486524","Various","CTA","6,153",
"POINT (-87.55631014709489 41.760435426334105)","192","RAINBOW BEACH","1,001","50th Anniversary of the Rainbow Division WWI","-87.5563101471","41.7604354263",,"CPD","1,427",
"POINT (-87.68102697890372 41.70023193402458)","193","KING-LOCKHART (PATRICK, ANTHONY)","558","King Lockhart Memorial","-87.6810269789","41.700231934","John Alaniz & Marshall Svendsen","CPD","5,823","King Lockhart Memorial"
"POINT (-87.6207592049223 41.83883037795613)","194","DUNBAR (PAUL LAURENCE)","267","Paul Laurence Dunbar Monument","-87.6207592049","41.838830378","Debra Hand","CPD","5,819","Paul Laurence Dunbar Monument"
"POINT (-87.69495608758864 41.945934111309136)","195","CLARK (RICHARD)","457","Richard Clark Memorial","-87.6949560876","41.9459341113",,"CPD","6,110",
"POINT (-87.63244871307464 41.858841257986356)","196","TOM (PING) MEML.","481","Stone Talk","-87.6324487131","41.858841258","Yu Jiyong","CPD","6,115",
"POINT (-87.52987301783442 41.738203396972736)","197","STEELWORKERS","523","Trbute to the Past (Steelworker's Memorial)","-87.5298730178","41.738203397","Roman Villareal",,"6,116",
"POINT (-87.62076901476209 41.82629366616496)","198","ANDERSON (LOUIS)","1,020","Mosaic","-87.6207690148","41.8262936662","Jewell Pates","CPD","6,120","Anderson Mosaic"
"POINT (-87.71667689540728 41.94694864018101)","199","ATHLETIC FIELD","80","Playground Art","-87.7166768954","41.9469486402","Andy Hunt","CPD","6,121","Athletic Field Playground Art"
"POINT (-87.67668433415471 41.85260033681041)","200","BARRETT (JOHN)","1,022","Libertad","-87.6766843342","41.8526003368","Jesus Chucho Rodriguez","CPD","6,122",
"POINT (-87.6837977338941 41.708307760079606)","201","BEVERLY","254","Conner T. Lowry Memorial","-87.6837977339","41.7083077601","Marshall Scendsen & John Alaniz","CPD","6,124","Conner T. Lowry Memorial"
"POINT (-87.65488960737149 41.995494465149356)","202","BERGER (ALBERT)","1,255","A Time of Trumpets","-87.6548896074","41.9954944651","Patricia Murphy, Patti Adachi, Ben Seamons","CPD","6,123","A Time of Trumpets"
"POINT (-87.75151521328536 41.922884803364504)","203","BLACKHAWK","122","Portrait of Chief Black Hawk","-87.7515152133","41.9228848034","Unknown","CPD","6,125",
"POINT (-87.65995723399772 41.98961327978971)","204","BROADWAY ARMORY","462","Building the Heart of Edgewater","-87.659957234","41.9896132798","Kathy Gemperle","CPD","6,126","Building the Heart of Edgewater"
"POINT (-87.58497536049869 41.80665946527712)","205","BURNHAM (DANIEL)","27","Don't Feed the Seagulls","-87.5849753605","41.8066594653","Jeff Zimmerman","CPD","6,127",
"POINT (-87.61721629766546 41.86358487035488)","206","BURNHAM (DANIEL)","27","Tribute to Freedom & Water Wall","-87.6172162977","41.8635848704","Anna Koh Varilla & Jeffrey Hanson Varilla","CPD","6,128","Tribute to Freedom and Water Wall"
"POINT (-87.65447902495724 41.97204524383607)","207","BUTTERCUP","385","Roosevelt Road Bridge Sculptures","-87.654479025","41.9720452438","Miklos Simon","CPD","6,129","Roosevelt Road Bridge Sculptures"
"POINT (-87.5305393050677 41.71794040112484)","208","CALUMET","11","Bas-relief Panels","-87.5305393051","41.7179404011","Frederick C. Hibbard","CPD","6,130",
"POINT (-87.53054480570148 41.717770754274625)","209","CALUMET","11","Illinois Heritage Series","-87.5305448057","41.7177707543","Tom Lea","CPD","6,131",
"POINT (-87.6686702222332 41.967749742627255)","210","CHASE (SALMON)","103","Common Threads","-87.6686702222","41.9677497426","Kamelia Hristeva, Anna Soltys","CPD","6,132",
"POINT (-87.61587636955383 41.73979700906502)","211","COLE (NAT KING)","270","Unforgettable","-87.6158763696","41.7397970091","Damon Lamar Reed","CPD","6,134","Unforgettable"
"POINT (-87.64960565719242 41.963678338510434)","212","CLARENDON COMM. CTR.","1,002","Lily, Birth-Rebirth","-87.6496056572","41.9636783385","Patricia Murphy","CPD","6,133",
"POINT (-87.768542373802 41.8764922598975)","213","COLUMBUS (CHRISTOPHER)","209","Columbus Ships","-87.7685423738","41.8764922599","Roy L. Terwilliger","CPD","6,135",
"POINT (-87.6741081953949 41.89679071336019)","214","COMMERCIAL CLUB PGD. of CHICAGO","1,006","Mosaic","-87.6741081954","41.8967907134","Kamelia Hristeva & Anna Soltys","CPD","6,136","Commercial Club Playground Mosaic"
"POINT (-87.67018601529695 41.80296909773428)","215","CORNELL (PAUL) SQUARE","5","Portrait of Ezra Cornell","-87.6701860153","41.8029690977","Unknown","CPD","6,137",
"POINT (-87.66724385592545 41.81312333398978)","216","DAVIS (DR. NATHAN) SQUARE","14","Constructive Recreation:The Vital Force in Character Building","-87.6672438559","41.813123334","William Edouard Scott","CPD","6,138",
"POINT (-87.66719050919718 41.81332855451678)","217","DAVIS (DR. NATHAN) SQUARE","14","Untitled Mural","-87.6671905092","41.8133285545","Unknown","CPD","6,139",
"POINT (-87.69979506776893 41.86248404766218)","218","DOUGLASS (ANNA & FREDERICK)","218","Douglass Park Mosaic","-87.6997950678","41.8624840477","Victor Velez","CPD","6,140",
"POINT (-87.69655429392311 41.85645536448827)","219","DOUGLASS (ANNA & FREDERICK)","218","You Are a Reflection of You","-87.6965542939","41.8564553645","Ginny Sykes & Julia Sowles-Barlow","CPD","6,142",
"POINT (-87.69644765905852 41.856459854610456)","220","DOUGLASS (ANNA & FREDERICK)","218","Route 66","-87.6964476591","41.8564598546","Dorian Sylvain","CPD","6,141",
"POINT (-87.65394798538635 41.855055759768575)","221","DVORAK (ANTON)","216","Unity","-87.6539479854","41.8550557598","Gabriel Villa","CPD","6,143",
"POINT (-87.7222683300846 41.97405515978765)","222","FIELD (EUGENE)","41","Participation of Youth in the Realm of the Arts","-87.7222683301","41.9740551598","Pottowattomie Art Class","CPD","6,144",
"POINT (-87.72247618824153 41.9739913637119)","223","FIELD (EUGENE)","41","Portrait of Eugene Field","-87.7224761882","41.9739913637","Josh Holland","CPD","6,145",
"POINT (-87.72218675520406 41.97402089817352)","224","FIELD (EUGENE)","41","Trumpet & Drum (Wynken, Blynken & Nod)","-87.7221867552","41.9740208982","Gerry Lang","CPD","6,146",
"POINT (-87.65794901370946 41.86493444527609)","225","FOSCO (PETER)","1,030","Imagining the Possibilities","-87.6579490137","41.8649344453","Corinne D. Peterson, Sonata Kazimieraitiene","CPD","6,147",
"POINT (-87.63496532907628 41.81205223025671)","226","FULLER (MELVILLE)","4","Community Quilt","-87.6349653291","41.8120522303","Millicent Gordon & the Soul Stitchers","CPD","6,148","Community Quilt"
"POINT (-87.63424959932199 41.81206619937052)","227","FULLER (MELVILLE)","4","Early Explorers Series","-87.6342495993","41.8120661994","John Warner Norton","CPD","6,149",
"POINT (-87.6346126036823 41.812320028307866)","228","FULLER (MELVILLE)","4","Untitled Mosaics","-87.6346126037","41.8123200283","Millicent Gordon","CPD","6,150",
"POINT (-87.68501662380022 41.79356813226258)","229","GAGE (GEORGE)","22","Old Crafts Room Mural","-87.6850166238","41.7935681323","Unknown","CPD","6,151",
"POINT (-87.68460642298916 41.793523158332924)","230","GAGE (GEORGE)","22","Pioneers","-87.684606423","41.7935231583","Tom Lea","CPD","6,152",
"POINT (-87.71779548349255 41.88622065709935)","232","GARFIELD (JAMES)","204","Palm Tree Relief","-87.7177954835","41.8862206571","Phil Schuster","CPD","6,154",
"POINT (-87.71142786234509 41.88411704264131)","233","GARFIELD (JAMES)","204","Playground Mosaics","-87.7114278623","41.8841170426","Mirtes Zwierzynski & Max Sansing","CPD","6,155","Garfield Playground Mosaics"
"POINT (-87.65041196818747 41.951693929646495)","234","GILL (JOSEPH)","364","Matriarchy for a New Millennium","-87.6504119682","41.9516939296","Tim Portlock & Beatriz Santiago Muñoz","Private","6,156",
"POINT (-87.60045879121526 41.75557820126683)","235","GRAND CROSSING","15","An Allegory of Recreation","-87.6004587912","41.7555782013","Chester Dryan","CPD","6,157",
"POINT (-87.61806105690401 41.86800448965119)","236","GRANT (ULYSSES)","24","Aqua Interlude & Reflection","-87.6180610569","41.8680044897","Mirtes Zwierzynski & Maria Gaspar","CPD","6,158","Aqua Interlude and Reflection"
"POINT (-87.61382831935661 41.88782261041387)","237","GRANT (ULYSSES)","24","Riverwalk Gateway Murals","-87.6138283194","41.8878226104","Ellen Lanyon","City of Chicago","6,218",
"POINT (-87.63771167650707 41.763177025824795)","238","HAMILTON (ALEXANDER)","9","Historical Series","-87.6377116765","41.7631770258","John Warner Norton","CPD","6,159",
"POINT (-87.60461332672266 41.78180453087859)","239","HARRIS (HARRIET)","524","Woodlawn Heroes","-87.6046133267","41.7818045309","Damon Lamar Reed","CPD","6,160",
"POINT (-87.69708498965957 41.73908878739072)","240","HAYES (FRANCIS)","242","In the Swim","-87.6970849897","41.7390887874","Laurie Shaman","City of Chicago","6,161",
"POINT (-87.68513372851326 41.922472513351316)","241","HOLSTEIN","203","Playground Art","-87.6851337285","41.9224725134","Bucktown Arts Fest","CPD","6,162",
"POINT (-87.68506504767768 41.921813743237664)","242","HOLSTEIN","203","Summer Day Camp","-87.6850650477","41.9218137432","Connie Hinkle","CPD","6,163",
"POINT (-87.60548512683232 41.8034540712878)","243","HOUSTON (JESSIE ""MA"")","278","Feed Your Child the Truth","-87.6054851268","41.8034540713","Bernard Williams, Stephanie George, Julia Barlow","CPD","6,164",
"POINT (-87.72478686519571 41.95297391708622)","244","INDEPENDENCE","83","May the Spirit of 1776 Live On","-87.7247868652","41.9529739171","Max Robert Decker","CPD","6,165",
"POINT (-87.58002725345864 41.792823394755224)","245","JACKSON (ANDREW)","19","57th Street Underpass Mural (The Path of Our Community)","-87.5800272535","41.7928233948","Mirtes Zwierzynski","City of Chicago","6,166","57th Street Underpass Mural"
"POINT (-87.65486000347302 41.7557258687266)","246","KING (MARTIN LUTHER, JR.)","334","We March, We Dance, We Sing for Freedom","-87.6548600035","41.7557258687","Damon Reed & Juan Carlos Perez","CPD","6,167",
"POINT (-87.61775409371998 41.897191297574516)","247","LAKE SHORE","107","Relief Sculpture","-87.6177540937","41.8971912976","Phil Schuster","CPD","6,168",
"POINT (-87.61375086664594 41.892767485643525)","248","ADDAMS (JANE) MEML.","1,224","Jane Addams Mosaic","-87.6137508666","41.8927674856","Mirtes Zwierzynski","City of Chicago & CPD","6,169",
"POINT (-87.64987532588829 41.97200100067253)","249","LINCOLN (ABRAHAM)","100","Alternatives","-87.6498753259","41.9720010007","Ginny Sykes & Julia Sowles-Barlow","CPD","6,170","Alternatives"
"POINT (-87.63438546554119 41.92656616799724)","250","LINCOLN (ABRAHAM)","100","American Bison","-87.6343854655","41.926566168","Chris Williams","Notebaert Museum","6,171","American Bison"
"POINT (-87.63422013539349 41.92613911172962)","251","LINCOLN (ABRAHAM)","100","Steelroots","-87.6342201354","41.9261391117","Steve Tobin","On loan to Notebaert Musuem","6,181","Steelroots"
"POINT (-87.64622372625384 41.95851744827914)","252","LINCOLN (ABRAHAM)","100","Buena Avenue Underpass Murals (Welcome to Buena Park)","-87.6462237263","41.9585174483","Jeff Littleton & Rachel Slotnick","CPD","6,172",
"POINT (-87.6456916250142 41.95858037520517)","253","LINCOLN (ABRAHAM)","100","Peace Garden Mosaic","-87.645691625","41.9585803752","Lynn Takata","CPD","6,179",
"POINT (-87.6453172029227 41.95833875259571)","254","LINCOLN (ABRAHAM)","100","Peace & Justice","-87.6453172029","41.9583387526","Margo McMahon","Soka Gakkai International","6,178","Peace and Justice"
"POINT (-87.65240710945996 41.98570376964887)","255","LINCOLN (ABRAHAM)","100","Come to Light","-87.6524071095","41.9857037696","Andy Bellomo, Will Nicholson, Brett Whitacre","CPD","6,173","Come to Light"
"POINT (-87.6358508653395 41.93848996561031)","256","LINCOLN (ABRAHAM)","100","Hug Chicago Mural","-87.6358508653","41.9384899656","Julia Sowles-Barlow, CPAG","City of Chicago","6,174",
"POINT (-87.65039233830102 41.97654733613924)","257","LINCOLN (ABRAHAM)","100","Indian Land Dancing","-87.6503923383","41.9765473361","Tracy van Duinen et al, CPAG","City of Chicago","6,175",
"POINT (-87.6358865427354 41.91961954010864)","258","LINCOLN (ABRAHAM)","100","Abraham Lincoln Portrait","-87.6358865427","41.9196195401","William Patterson","CPD","6,176",
"POINT (-87.65288134540856 41.983987828756106)","259","LINCOLN (ABRAHAM)","100","Living 2007 (North Wall); Growing 2008 (South Wall)","-87.6528813454","41.9839878288","Tracy van Duinen et al, CPAG","City of Chicago","6,177",
"POINT (-87.63839573445188 41.940506210365534)","260","LINCOLN (ABRAHAM)","100","Rhythm & Views","-87.6383957345","41.9405062104","Tracy van Duinen, Todd Osborne, Phil Schuster","City of Chicago","6,180",
"POINT (-87.62422809616636 41.90434178920534)","261","LINCOLN (ABRAHAM)","100","You Know What You Should Do","-87.6242280962","41.9043417892","Jeff Zimmerman","City of Chicago","6,182",
"POINT (-87.63229066743442 41.921983381906465)","262","LINCOLN (ABRAHAM)","100","Adelor","-87.6322906674","41.9219833819","Anna Koh Varilla & Jeffrey Hanson Varilla","Lincoln Park Zoo","6,183",
"POINT (-87.63384934899221 41.9191010787711)","263","LINCOLN (ABRAHAM)","100","Café Brauer Ceramic Tile Murals","-87.633849349","41.9191010788","Rookwood Potteries","CPD","6,184",
"POINT (-87.68243693293792 41.823602359951074)","264","MCKINLEY (WILLIAM)","23","Donnersberger Bas-relief","-87.6824369329","41.82360236","Paul Fjelde","CPD","6,185","Joseph Donnersberger Memorial"
"POINT (-87.60651159222888 41.866425445248474)","265","NORTHERLY ISLAND","34","Adler Planetarium Sculptural Relief Panels","-87.6065115922","41.8664254452","Alfonso Iannelli","Adler Planetarium","6,186",
"POINT (-87.6099097000312 41.86499701130174)","266","NORTHERLY ISLAND","34","Signal: Bon Voyage","-87.6099097","41.8649970113","Edmond Gueringer","CPD","6,187",
"POINT (-87.65541164256481 41.775048755895625)","267","OGDEN (WILLIAM)","8","Untitled Mosaic","-87.6554116426","41.7750487559","Darlene McGhee","CPD","6,188",
"POINT (-87.65524654003755 41.77523571748846)","268","OGDEN (WILLIAM)","8","Untitled Mural","-87.65524654","41.7752357175","Jesse Shipley & Victoria Bianco","CPD","6,189",
"POINT (-87.61657220611924 41.69191943434647)","269","PALMER (POTTER)","13","Early Settlement Series","-87.6165722061","41.6919194343","James Edwin McBurney","CPD","6,190",
"POINT (-87.70453570675762 41.92111789526833)","270","PALMER SQUARE","539","Velveteen Rabbit Playground Art","-87.7045357068","41.9211178953","Roman Villareal et al, CPAG","CPD","6,191","Velveteen Rabbit Playground Art"
"POINT (-87.7207065474378 41.98690978026074)","271","PETERSON (PAHR SAMUEL)","452","Mural","-87.7207065474","41.9869097803","Unknown","CPD","6,192",
"POINT (-87.63252425953884 41.859076054544296)","272","TOM (PING) MEML.","481","Return of the Yellow Cranes","-87.6325242595","41.8590760545","Liu Zhengde","CPD","6,193",
"POINT (-87.76372380575803 41.95568323794347)","273","PORTAGE","147","The Nature of the Place","-87.7637238058","41.9556832379","Corinne D. Peterson & Sonata Kazimieraitiene","CPD","6,194",
"POINT (-87.66315366926766 41.90684187200154)","274","PULASKI (CASIMER)","217","Proscenium Arch Mural","-87.6631536693","41.906841872","James G. Gilbert","CPD","6,196",
"POINT (-87.66353209398567 41.90690395691466)","275","PULASKI (CASIMER)","217","Tower Room Mural","-87.663532094","41.9069039569","Unknown","CPD","6,197",
"POINT (-87.7019588269405 41.97414148777934)","276","RIVER","186","Pottawattomie Village","-87.7019588269","41.9741414878","Pottawattomie Art Class, George Hruska","CPD","6,198",
"POINT (-87.70342993274369 41.97027400644728)","277","RONAN (GEORGE)","275","Multi-Ethnic Sculpture Park (Happy Family)","-87.7034299327","41.9702740064","Shenchen Xu & Indira Johnson","North River Commission","6,199","Multi-ethnic Sculpture Park and Healing Garden"
"POINT (-87.797382340183 41.92074850503261)","278","RUTHERFORD SAYRE","127","Assorted Mosaics","-87.7973823402","41.920748505","Carol Tarnoff","CPD","6,200",
"POINT (-87.7969997752076 41.92087110502258)","279","RUTHERFORD SAYRE","127","Thomas A. Rutherford Portrait","-87.7969997752","41.920871105","Unknown","CPD","6,201",
"POINT (-87.68545830727923 41.922901496334696)","280","SENIOR CITIZENS MEML.","455","Playground Art","-87.6854583073","41.9229014963","Bucktown Arts Fest","CPD","6,202",
"POINT (-87.63781333481059 41.902799476334025)","281","SEWARD (WILLIAM)","108","I Saw Something Silly in the Park Today","-87.6378133348","41.9027994763","Carolyn Elaine","CPD","6,203",
"POINT (-87.63818578664085 41.90273461710959)","282","SEWARD (WILLIAM)","108","Mosaic","-87.6381857866","41.9027346171","Shana Pearlmutter","CPD","6,204",
"POINT (-87.63764636182718 41.90268449839351)","283","SEWARD (WILLIAM)","108","The Promise of Summer","-87.6376463618","41.9026844984","Patricia M. Murphy","CPD","6,205",
"POINT (-87.6571874617364 41.798429175956976)","284","SHERMAN (JOHN)","7","American History Series","-87.6571874617","41.798429176","S.B. Braidwood et al","CPD","6,206",
"POINT (-87.65742373627114 41.798514988477116)","285","SHERMAN (JOHN)","7","Mosaic","-87.6574237363","41.7985149885","Barbara Miller","CPD","6,207",
"POINT (-87.66859054759652 41.91371601297055)","286","WALSH (JOHN)","393","Playground Art","-87.6685905476","41.913716013","Jen Z. Johns","CPD","6,208","Walsh Playground Art"
"POINT (-87.60742892014716 41.79219530010177)","287","WASHINGTON (GEORGE)","21","Unconditional Love","-87.6074289201","41.7921953001","Lameck Bonjisi","DuSable Museum","6,212",
"POINT (-87.60713590271389 41.792199272239856)","288","WASHINGTON (GEORGE)","21","Elegant Beauty","-87.6071359027","41.7921992722","Luxon Karise","DuSable Museum","6,209","Elegant Beauty"
"POINT (-87.61551241679527 41.79346182564037)","289","WASHINGTON (GEORGE)","21","Mosaic","-87.6155124168","41.7934618256","Evelyn Henton","CPD","6,210",
"POINT (-87.61516515297036 41.79341378708858)","290","WASHINGTON (GEORGE)","21","Peculiar People","-87.615165153","41.7934137871","Damon Lamar Reed","CPD","6,211",
"POINT (-87.65173604711399 41.93505364824823)","291","WEISMAN (ALBERT)","1,135","Something Fishy","-87.6517360471","41.9350536482","Martha Crandall, Chicago Mosaic School","CPD","6,213","Something Fishy"
"POINT (-87.63221173120132 41.670361815606306)","292","WEST PULLMAN","225","Memorial Drinking Fountain","-87.6322117312","41.6703618156","Unknown","CPD","6,214",
"POINT (-87.63188556120045 41.67023638589895)","293","WEST PULLMAN","225","Untitled Mural","-87.6318855612","41.6702363859","Unknown","CPD","6,215",
"POINT (-87.63197862647142 41.67032502318819)","294","WEST PULLMAN","225","Various Mosaics","-87.6319786265","41.6703250232","Alicia Lee","CPD","6,216",
"POINT (-87.67671488545662 41.90815572412606)","295","WICKER (CHARLES, JOEL)","214","Playground Art","-87.6767148855","41.9081557241","Carol Tarnoff","CPD","6,217","Wicker Playground Art"
"POINT (-87.76640977456674 41.95370867351022)","296","PORTAGE","147","Fountains","-87.7664097746","41.9537086735","DeStefano+Partners","CPD","6,245",
"POINT (-87.63776079996686 41.903542230103845)","297","SEWARD (WILLIAM)","108","Fountain","-87.6377608","41.9035422301","FOUNTAIN","CPD","6,246",
"POINT (-87.60891961922708 41.84250081057723)","298","BURNHAM (DANIEL)","27","1919 Race Riot Memorial Boulder","-87.6089196192","41.8425008106","Unknown","CPD","6,259",
"POINT (-87.69332023219674 42.00870896148936)","299","INDIAN BOUNDARY","165","Philip Rogers Memorial Stone & Tablet","-87.6933202322","42.0087089615",,"CPD","6,274",
"POINT (-87.70343583986997 41.77138455577873)","300","MARQUETTE (JACQUES)","10","Martin Luther King Living Memorial","-87.7034358399","41.7713845558","Sonja Henderson & John Pittman Weber",,"6,591","Dr. Martin Luther King Jr. Living Memorial"
"POINT (-87.63040616202171 41.92680677451382)","301","LINCOLN (ABRAHAM)","100","Charitas","-87.630406162","41.9268067745",,,"6,592","Charitas"
"POINT (-87.58303088715441 41.785986586209965)","302","JACKSON (ANDREW)","19","Sky Landing","-87.5830308872","41.7859865862","Yoko Ono",,"6,593",
"POINT (-87.78435369289507 41.92464059314289)","303","RIIS (JACOB)","123","Jacob Riis Monument Boulder","-87.7843536929","41.9246405931","unknown - Erected by Americans of Danish Origin","CPD","6,701",
"POINT (-87.68850497570448 41.96220286740941)","304","WELLES (GIDEON)","110","Arbor Renewal","-87.6885049757","41.9622028674","Thom Cicchelli",,"0","Arbor Renewal"
"POINT (-87.61845706502002 41.86674220535376)","306","GRANT (ULYSSES)","24","Brachiosaurus Replica","-87.618457065","41.8667422054","Unknown",,"0","Brachiosaurus Replica"
"POINT (-87.60890692487439 41.84613545252986)","307","BURNHAM (DANIEL)","27","Caracol","-87.6089069249","41.8461354525","Georgina Valverder & Diana Solis-Contratiempo",,"0","Caracol"
"POINT (-87.53019321325618 41.718142057231844)","308","CALUMET","11","De-Constructed Monument","-87.5301932133","41.7181420572","Chris Perri",,"0","De-Constructed Monument"
"POINT (-87.63112563852577 41.67012160744397)","309","WEST PULLMAN","225","Dear Deer","-87.6311256385","41.6701216074","Janet Austin",,"0","Dear Deer"
"POINT (-87.63454837255696 41.72483316380853)","310","ROBICHAUX","320","Give","-87.6345483726","41.7248331638","Dusty Folwarczny",,"0","Give"
"POINT (-87.59995954577856 41.81168429211716)","311","BROOKS (GWENDOLYN)","362","Gwen Brooks: The Oracle of Bronzeville","-87.5999595458","41.8116842921","Margot McMahon",,"6,773","Gwen Brooks: The Oracle of Bronzeville"
"POINT (-87.60372687388133 41.832379668310345)","312","BURNHAM (DANIEL)","27","La Ronda Parkata","-87.6037268739","41.8323796683","Hector Duarte, Alfonso ""Piloto"" Nieves",,"0","La Ronda Parkata"
"POINT (-87.59807128850545 41.824408148113754)","313","BURNHAM (DANIEL)","27","Letter to Bessie Coleman","-87.5980712885","41.8244081481","Bernard Williams",,"0","Letter to Bessie Coleman"
"POINT (-87.63129725161981 41.92844002029121)","315","LINCOLN","100","Ten Thousand Ripples","-87.6312972516","41.9284400203","Indira Johnson",,"0","Ten Thousand Ripples"
"POINT (-87.70662157912754 41.921290360707886)","316","PALMER SQUARE","539","The Helping Hand","-87.7066215791","41.9212903607","Carrie Fischer",,"0","The Helping Hand"
"POINT (-87.70234055124556 41.92093183771316)","317","PALMER SQUARE","539","The A ""Maze"" ing Larvae of the Emerald Ash Borer","-87.7023405512","41.9209318377","Janet Austin",,"0","The A ""Maze"" ing Larvae of the Emerald Ash Borer"
"POINT (-87.76602846697241 41.95640222342901)","318","PORTAGE","147","Three Dogs in the Park","-87.766028467","41.9564022234","JR Cadawas",,"0","Three Dogs in the Park"
"POINT (-87.68306720155158 41.91398608797858)","319","PARK NO. 572","572","Turning Sky","-87.6830672016","41.913986088","Luftwerk",,"0","Turning Sky"
"POINT (-87.58298927288831 41.79982391223545)","320","WASHINGTON (HAROLD)","494","Washington Second Chance","-87.5829892729","41.7998239122","Karen J Gubitz",,"0","Washington Second Chance"
"POINT (-87.68911696334781 41.98678020286789)","321","WEST RIDGE NATURE PARK","568","West Ridge Towers","-87.6891169633","41.9867802029","Green Star Movement",,"0","West Ridge Towers"
"POINT (-87.59433160114881 41.796993494071074)","322","NICHOLS (JOHN FOUNTAIN)","277","Wolf","-87.5943316011","41.7969934941","Jim Long",,"0","Wolf"
"POINT (-87.60763614675737 41.80072326304618)","323","WASHINGTON (GEORGE)","21","Woven","-87.6076361468","41.800723263","Nicolette Ross",,"0","Woven"
"POINT (-87.70040981485253 41.90537682503698)","325","HUMBOLDT (ALEXANDER VON)","219","Burst","-87.7004098149","41.905376825","Mia Capodilupo",,"0","Burst!"
"POINT (-87.81635326963858 41.99912921462589)","326","OLYMPIA","60","Please save the Birds—Thank You","-87.8163532696","41.9991292146","Kara James",,"0","Please save the Birds—Thank You"
"POINT (-87.81644834332147 41.99930732672888)","330","OLYMPIA","60","SOS—Questions Not Answered","-87.8164483433","41.9993073267","Karl and Indira Johnson",,"0","SOS—Questions Not Answered"
"POINT (-87.7025634344328 41.90267951868741)","331","HUMBOLDT (ALEXANDER VON)","219","Shards of the Rainbow","-87.7025634344","41.9026795187","Gary Lehman",,"0","Shards of the Rainbow"
"POINT (-87.695976972285 41.992088450849046)","332","GREEN BRIAR","188","Shelf Fungi","-87.6959769723","41.9920884508","Vivian Visser",,"0","Shelf Fungi"
"POINT (-87.52975628333257 41.73796002514345)","333","STEELWORKERS","523","South Works Deep Geological Study","-87.5297562833","41.7379600251","Stella Brown",,"0","South Works Deep Geological Study"
"POINT (-87.52961932203023 41.73534223417968)","334","STEELWORKERS","523","Calumet Steel Artifacts","-87.529619322","41.7353422342",,,"0","Calumet Steel Artifacts"
"POINT (-87.64623781923054 41.96426060172656)","335","LINCOLN (ABRAHAM)","100","Conundrum","-87.6462378192","41.9642606017","Actual Size Artworks",,"0","Conundrum"
"POINT (-87.57971452975083 41.78883780817062)","337","JACKSON (ANDREW)","19","Decades","-87.5797145298","41.7888378082","Nick Goettling",,"0","Decades"
"POINT (-87.61570194604708 41.793633733714735)","338","WASHINGTON (GEORGE)","21","Emergence","-87.615701946","41.7936337337","Eric Stephenson",,"0","Emergence #11"
"POINT (-87.61640289736248 41.69172884769937)","339","PALMER (POTTER)","13","Eternal Connections","-87.6164028974","41.6917288477","Phillip Shore",,"0","Eternal Connections"
"POINT (-87.63541512585127 41.92824155476172)","340","LINCOLN (ABRAHAM)","100","Fancy Birds","-87.6354151259","41.9282415548","Sandie Bacon & John Hatleshad",,"0","Fancy Birds"
"POINT (-87.76532098163378 41.875414959992035)","341","COLUMBUS (CHRISTOPHER)","209","Flock","-87.7653209816","41.87541496","Margot McMahon",,"0","Flock"
"POINT (-87.61452654534189 41.7947923274747)","342","WASHINGTON (GEORGE)","21","Ghost Tree","-87.6145265453","41.7947923275","Alison Svoboda",,"0","Ghost Tree"
"POINT (-87.7642915331527 41.956166744122115)","343","PORTAGE","147","Hive","-87.7642915332","41.9561667441","Vivian Visser",,"0","Hive"
"POINT (-87.5570375034237 41.732310546171796)","344","BESSEMER","12","Invasive Species","-87.5570375034","41.7323105462","Marc Schneider",,"0","Invasive Species"
"POINT (-87.64751427121121 41.97363175706398)","345","LINCOLN (ABRAHAM)","100","Lead with the Heart","-87.6475142712","41.9736317571","Kara James",,"0","Lead with the Heart"
"POINT (-87.68037015333071 41.826049658548065)","346","MCKINLEY (WILLIAM)","23","Natura Non Confundenda Est","-87.6803701533","41.8260496585","Anthony Heinz May",,"0","Natura Non Confundenda Est"
"POINT (-87.76515419787853 41.87544294324809)","347","COLUMBUS (CHRISTOPHER)","209","Perch—Preen","-87.7651541979","41.8754429432","Margot McMahon",,"0","Perch—Preen"
"POINT (-87.64122435434663 41.94579950230246)","348","LINCOLN (ABRAHAM)","100","Endless - Lakefront Trail","-87.6412243543","41.9457995023","Samantha Rausch",,"0","Endless (on Lakefront Trail)"
"POINT (-87.59277884182636 41.8176572185005)","349","BURNHAM (DANIEL)","27","E2 Memorial Plaza","-87.5927788418","41.8176572185",,"CPD","6,730","E2 Memorial Plaza"
"POINT (-87.57831557034444 41.79556840677415)","350","BURNHAM (DANIEL)","27","NRHP Boulder","-87.5783155703","41.7955684068",,,"0",
"POINT (-87.63412909088599 41.85869564159888)","351","TOM (PING) MEML.","481","Justice Laura Cha-Yu Liu","-87.6341290909","41.8586956416","Eric Blome",,"6,764",
"POINT (-87.63427162482847 41.939472195434014)","352","LINCOLN (ABRAHAM)","100","Self-Portrait","-87.6342716248","41.9394721954","Keith Haring","CPD","6,774","Self-Portrait"
"POINT (-87.57859700729102 41.788818734798966)","354","JACKSON (ANDREW)","19","Frederick Douglass Haitian Pavilion Boulder","-87.5785970073","41.7888187348",,,"6,777",
